{

	"metadata" :
	{
		"formatVersion" : 3.1,
		"generatedBy"   : "Blender 2.65 Exporter",
		"vertices"      : 114,
		"faces"         : 128,
		"normals"       : 114,
		"colors"        : 0,
		"uvs"           : [],
		"materials"     : 1,
		"morphTargets"  : 0,
		"bones"         : 0
	},

	"scale" : 1.000000,

	"materials" : [	{
		"DbgColor" : 15658734,
		"DbgIndex" : 0,
		"DbgName" : "default",
		"vertexColors" : false
	}],

	"vertices" : [-0.382683,0.786667,-3.43863e-08,-0.689051,0.542447,-2.49002e-08,-1.22736,0.382683,2.05953e-08,-1.77648,-3.21419e-08,9.54565e-08,-0.854609,-0.142561,-2.28748e-09,-0.476089,-0.232579,-5.04722e-09,-0.382683,-0.294988,1.28943e-08,-0.353553,0.786667,-0.146447,-0.6366,0.542447,-0.263688,-1.13393,0.382683,-0.46969,-1.64125,-9.00923e-08,-0.67983,-0.789556,-0.142561,-0.327045,-0.439848,-0.232579,-0.182191,-0.353553,-0.294988,-0.146447,-0.270598,0.786667,-0.270598,-0.487233,0.542447,-0.487233,-0.867875,0.382683,-0.867875,-1.25616,-1.15285e-07,-1.25616,-0.6043,-0.142561,-0.6043,-0.336645,-0.232579,-0.336645,-0.270598,-0.294988,-0.270598,-0.146447,0.786667,-0.353553,-0.263688,0.542447,-0.6366,-0.469691,0.382683,-1.13393,-0.67983,-1.32117e-07,-1.64125,-0.327045,-0.142561,-0.789556,-0.182191,-0.232579,-0.439848,-0.146447,-0.294988,-0.353553,-1.21193e-07,0.786667,-0.382683,-1.37851e-07,0.542447,-0.689051,-9.37001e-08,0.382683,-1.22736,-5.33113e-08,-1.38028e-07,-1.77648,-1.27469e-07,-0.142561,-0.854609,-1.58571e-07,-0.232579,-0.476088,-1.36095e-07,-0.294988,-0.382683,-2.08779e-07,0.862787,1.01788e-07,0.146446,0.786667,-0.353553,0.263688,0.542447,-0.6366,0.46969,0.382683,-1.13393,0.67983,-1.32117e-07,-1.64125,0.327045,-0.142561,-0.789556,0.182191,-0.232579,-0.439848,0.146446,-0.294988,-0.353553,0.270598,0.786667,-0.270598,0.487232,0.542447,-0.487232,0.867875,0.382683,-0.867875,1.25616,-1.15285e-07,-1.25616,0.6043,-0.142561,-0.6043,0.336645,-0.232579,-0.336645,0.270598,-0.294988,-0.270598,0.353553,0.786667,-0.146447,0.6366,0.542447,-0.263688,1.13393,0.382683,-0.46969,1.64125,-9.00922e-08,-0.67983,0.789556,-0.142561,-0.327045,0.439848,-0.232579,-0.182191,0.353553,-0.294988,-0.146446,0.382683,0.786667,-4.58397e-09,0.68905,0.542447,4.14117e-09,1.22736,0.382683,1.39371e-07,1.77648,-6.03759e-08,1.484e-07,0.854609,-0.142561,8.0416e-08,0.476088,-0.232579,1.50184e-08,0.382683,-0.294988,4.26966e-08,0.353553,0.786667,0.146447,0.6366,0.542447,0.263688,1.13393,0.382683,0.46969,1.64125,-3.06596e-08,0.67983,0.789556,-0.142561,0.327045,0.439848,-0.232579,0.182191,0.353553,-0.294988,0.146447,0.270598,0.786667,0.270598,0.487232,0.542447,0.487232,0.867874,0.382683,0.867875,1.25616,-5.46737e-09,1.25616,0.6043,-0.142561,0.6043,0.336645,-0.232579,0.336645,0.270598,-0.294988,0.270598,0.146446,0.786667,0.353553,0.263688,0.542447,0.6366,0.46969,0.382683,1.13393,0.67983,1.13656e-08,1.64125,0.327044,-0.142561,0.789556,0.182191,-0.232579,0.439848,0.146446,-0.294988,0.353553,-1.65897e-07,0.786667,0.382683,-1.66893e-07,0.542447,0.689051,-2.52068e-07,0.382683,1.22736,-1.59198e-07,1.72765e-08,1.77648,-2.3774e-07,-0.142561,0.854609,-1.78637e-07,-0.232579,0.476088,-1.65897e-07,-0.294988,0.382683,-0.146447,0.786667,0.353553,-0.263688,0.542447,0.6366,-0.469691,0.382683,1.13393,-0.67983,1.13656e-08,1.64125,-0.327045,-0.142561,0.789556,-0.182191,-0.232579,0.439848,-0.146447,-0.294988,0.353553,-1.50996e-07,-0.371108,1.62217e-08,-0.270598,0.786667,0.270598,-0.487233,0.542447,0.487232,-0.867875,0.382683,0.867874,-1.25616,-5.46738e-09,1.25616,-0.6043,-0.142561,0.6043,-0.336645,-0.232579,0.336645,-0.270598,-0.294988,0.270598,-0.353553,0.786667,0.146446,-0.6366,0.542447,0.263688,-1.13393,0.382683,0.46969,-1.64125,-3.06596e-08,0.67983,-0.789556,-0.142561,0.327044,-0.439848,-0.232579,0.182191,-0.353553,-0.294988,0.146446],

	"morphTargets" : [],

	"normals" : [-0.380871,-0.924619,0,-0.187414,-0.982269,0,-0.173132,-0.982269,-0.071718,-0.351878,-0.924619,-0.145756,-0.443281,0.896359,0,-0.444746,0.895627,0,-0.410901,0.895627,-0.170202,-0.409528,0.896359,-0.169622,-0.979003,-0.203803,0,-0.904477,-0.203803,-0.374645,-0.449538,0.893246,0,-0.415326,0.893246,-0.172033,-0.403058,-0.915159,0,-0.372387,-0.915159,-0.154241,-0.692251,-0.203803,-0.692251,-0.132511,-0.982269,-0.132511,-0.317881,0.893246,-0.317881,-0.269295,-0.924619,-0.269295,-0.285012,-0.915159,-0.285012,-0.313425,0.896359,-0.313425,-0.314493,0.895627,-0.314493,-0.374645,-0.203803,-0.904477,-0.071718,-0.982269,-0.173132,-0.172033,0.893246,-0.415326,-0.145756,-0.924619,-0.351878,-0.154241,-0.915159,-0.372387,-0.169622,0.896359,-0.409528,-0.170202,0.895627,-0.410901,0,-0.203803,-0.979003,0,-0.982269,-0.187414,0,0.893246,-0.449538,0,-0.924619,-0.380871,0,-0.915159,-0.403058,0,0.896359,-0.443281,0,0.895627,-0.444746,0.374645,-0.203803,-0.904477,0.071718,-0.982269,-0.173132,0.172033,0.893246,-0.415326,0.145756,-0.924619,-0.351878,0.154241,-0.915159,-0.372387,0.169622,0.896359,-0.409528,0.170202,0.895627,-0.410901,0.692251,-0.203803,-0.692251,0.132511,-0.982269,-0.132511,0.317881,0.893246,-0.317881,0.269295,-0.924619,-0.269295,0.285012,-0.915159,-0.285012,0.313425,0.896359,-0.313425,0.314493,0.895627,-0.314493,0.904477,-0.203803,-0.374645,0.173132,-0.982269,-0.071718,0.415326,0.893246,-0.172033,0.351878,-0.924619,-0.145756,0.372387,-0.915159,-0.154241,0.409528,0.896359,-0.169622,0.410901,0.895627,-0.170202,0.979003,-0.203803,0,0.187414,-0.982269,0,0.449538,0.893246,0,0.380871,-0.924619,0,0.403058,-0.915159,0,0.443281,0.896359,0,0.444746,0.895627,0,0.904477,-0.203803,0.374645,0.173132,-0.982269,0.071718,0.415326,0.893246,0.172033,0.351878,-0.924619,0.145756,0.372387,-0.915159,0.154241,0.409528,0.896359,0.169622,0.410901,0.895627,0.170202,0.692251,-0.203803,0.692251,0.132511,-0.982269,0.132511,0.317881,0.893246,0.317881,0.269295,-0.924619,0.269295,0.285012,-0.915159,0.285012,0.313425,0.896359,0.313425,0.314493,0.895627,0.314493,0.374645,-0.203803,0.904477,0.071718,-0.982269,0.173132,0.172033,0.893246,0.415326,0.145756,-0.924619,0.351878,0.154241,-0.915159,0.372387,0.169622,0.896359,0.409528,0.170202,0.895627,0.410901,0,-0.203803,0.979003,0,-0.982269,0.187414,0,0.893246,0.449538,0,-0.924619,0.380871,0,-0.915159,0.403058,0,0.896359,0.443281,0,0.895627,0.444746,-0.374645,-0.203803,0.904477,-0.071718,-0.982269,0.173132,-0.172033,0.893246,0.415326,-0.145756,-0.924619,0.351878,-0.154241,-0.915159,0.372387,-0.169622,0.896359,0.409528,-0.170202,0.895627,0.410901,-0.692251,-0.203803,0.692251,-0.132511,-0.982269,0.132511,-0.317881,0.893246,0.317881,-0.269295,-0.924619,0.269295,-0.285012,-0.915159,0.285012,-0.313425,0.896359,0.313425,-0.314493,0.895627,0.314493,-0.904477,-0.203803,0.374645,-0.173132,-0.982269,0.071718,-0.415326,0.893246,0.172033,-0.351878,-0.924619,0.145756,-0.372387,-0.915159,0.154241,-0.409528,0.896359,0.169622,-0.410901,0.895627,0.170202,0,-1,0,0,1,0],

	"colors" : [],

	"uvs" : [],